figure_id,file_path,title,purpose,source_data,source_run_id,x_label,y_label,unit,scale,resolution,dpi,paper_width,comparison_group,shared_scale_group,reviewer,status
FIG-NET-01,06_paper_assets/figures/mine1_network.png,矿井1巷道网络,展示矿井1网络与题面位置,03_processed_data/final/mine1_nodes.csv;03_processed_data/final/mine1_edges.csv,20260715T121640009965Z-19f23e57,x,y,m,linear,1760x1540,219.99,0.49textwidth,,,,unreviewed
FIG-NET-02,06_paper_assets/figures/mine2_network.png,矿井2巷道网络,展示矿井2网络与题面位置,03_processed_data/final/mine2_nodes.csv;03_processed_data/final/mine2_edges.csv,20260715T121640009965Z-19f23e57,x,y,m,linear,1760x1540,219.99,0.49textwidth,,,,unreviewed
FIG-WATER-01,06_paper_assets/figures/mine1_water_arrival.png,矿井1水流到达分布,比较矿井1单源与双源传播,05_model_results/metrics/q1_mine1_node_arrival.csv;05_model_results/metrics/q3_mine1_node_arrival.csv,20260715T121640009965Z-19f23e57,x,y,m,log10(1+t/min),2880x1296,240.00,0.49textwidth,mine1_q1_q3,mine1_arrival_color,,unreviewed
FIG-WATER-02,06_paper_assets/figures/mine2_water_arrival.png,矿井2水流到达分布,比较矿井2单源与双源传播,05_model_results/metrics/q1_mine2_node_arrival.csv;05_model_results/metrics/q3_mine2_node_arrival.csv,20260715T121640009965Z-19f23e57,x,y,m,log10(1+t/min),2880x1296,240.00,0.49textwidth,mine2_q1_q3,mine2_arrival_color,,unreviewed
FIG-Q2-01,06_paper_assets/figures/mine1_q2_routes.png,矿井1问题二逃生路线,展示矿井1单源情景路线,05_model_results/metrics/q2_mine1_worker1.csv;05_model_results/metrics/q2_mine1_worker2.csv;05_model_results/metrics/q2_mine1_worker3.csv,20260715T121640009965Z-19f23e57,x,y,m,linear,1760x1540,219.99,0.49textwidth,,,,unreviewed
FIG-Q2-02,06_paper_assets/figures/mine2_q2_routes.png,矿井2问题二逃生路线,展示矿井2单源情景路线,05_model_results/metrics/q2_mine2_worker1.csv;05_model_results/metrics/q2_mine2_worker2.csv;05_model_results/metrics/q2_mine2_worker3.csv,20260715T121640009965Z-19f23e57,x,y,m,linear,1760x1540,219.99,0.49textwidth,,,,unreviewed
FIG-Q4-01,06_paper_assets/figures/mine1_q4_routes.png,矿井1问题四逃生路线,展示矿井1双源调整路线,05_model_results/metrics/q4_mine1_worker1.csv;05_model_results/metrics/q4_mine1_worker2.csv;05_model_results/metrics/q4_mine1_worker3.csv,20260715T121640009965Z-19f23e57,x,y,m,linear,1760x1540,219.99,0.49textwidth,,,,unreviewed
FIG-Q4-02,06_paper_assets/figures/mine2_q4_routes.png,矿井2问题四逃生路线,展示矿井2双源调整路线,05_model_results/metrics/q4_mine2_worker1.csv;05_model_results/metrics/q4_mine2_worker2.csv;05_model_results/metrics/q4_mine2_worker3.csv,20260715T121640009965Z-19f23e57,x,y,m,linear,1760x1540,219.99,0.49textwidth,,,,unreviewed
FIG-SENS-01,06_paper_assets/figures/sensitivity_summary.png,参数灵敏度汇总,展示已运行参数扰动结果,05_model_results/metrics/sensitivity_flow_rate.csv;05_model_results/metrics/sensitivity_second_source_delay.csv;05_model_results/metrics/sensitivity_escape_speed.csv;05_model_results/metrics/sensitivity_safe_depth.csv,20260715T121640009965Z-19f23e57,扰动参数,结果指标,mixed,linear,2640x1967,240.00,0.92textwidth,sensitivity_panels,sensitivity_panel_axes,,unreviewed
